Produtos,Preços
Smartphone Moto E13 64gb 4gb Ram Grafite Motorola,599
"Galaxy Tab S7 Fe Lte (wi-fi) 128gb, 6gb Ram, Tela Tft 12.4",2299
Smart Tv Thinq Ai 50  4k 50uq801c0sb Mh LG Bivolt,2099
Bicicleta Aro 29 Krw Alumínio 24 Vel Freio A Disco X42,873
"Notebook Samsung Book I5 8gb 256gb Ssd 15,6'' Windows 11 Cinza-chumbo",2599
Mercado Pago: Point Pro2 - A Maquininha De Cartão + Completa,113
"Smartphone E22 128gb 4g 6,5  Hd+ Câmera Dupla 16mp Motorola Cor Preto",729
"Monitor Gamer LG 22mp410-b 21,5 Full Hd 75hz 5ms Hdmi Va Freesync",473
Smart Tv Ptv32g23agssblh 32'' Android 11 Led Philco 100/240v,969
Ar Condicionado Hi Wall LG Dual Inverter Voice 9.000 Btus Frio 220v R-32,2169
"Notebook Gamer Acer An515-57-58g8 Ci5 8gb 512gb 15,6'' W11",4099
Controle joystick sem fio Microsoft Xbox Xbox Series X|S Controller + USB-C cable carbon black,379
Samsung Galaxy A14 Dual SIM 64gb 4gb Ram Prata Cor Prata,719
Creatina Monohidratada 500g - 100% Pura Importada Sabor Natural,114
"Smart TV P635-Series 50P635 LED 4K 50"" TCL Bivolt",1970
Modulo Potencia Taramps Ts400 Ts 400 T400 Mono Stereo 4ch,167
Impressora a cor multifuncional Epson EcoTank L3250 com wifi preta 110V,1059
Samsung Galaxy S21 FE 5G (Exynos) Dual SIM 256 GB Branco 8 GB RAM,2099
"Notebook Samsung Book Celeron Cinza 4gb 256gb Ssd 15,6'' W11 Cor Cinza/Chumbo",1699
Smart Tv 50'' 4k Uhd 50cu7700 2023 Preta Samsung,2339
Robô Aspirador Wap Robot W90 3 Modos De Limpeza Fw009026,319
Câmera Externa Ip Prova D'água Infravermelho Externa Wifi Hd,135
Multifuncional / Impressora HP Deskjet Ink Advantage 2774 (Wifi | Bivolt),339
 Moto E22 Dual SIM 128 GB preto 4 GB RAM,729
Fritadeira Sem Óleo Air Fryer Afn-40-bft 4l 1500w Mondial Cor Preto 110V,356
Azeite de Oliva Extra Virgem Português Andorinha Clássicos Vidro 500ml,40
Smart Tv Uhd 50UR8750PSA 50 Polegadas 4k 2023 LG,2149
"Notebook Lenovo Ideapad 3i I3 4gb 256gb Ssd 15,6'' W11 Cinza",2099
"Fritadeira sem óleo Arno Airfry Easy Fry com 3,2 litros Hot Air e Cesto Removível Vermelha EZFV",269
Samsung Galaxy A14 5g 128gb 4gb Ram Preto,999
Impressora Multifuncional Hp Smart Tank 581,880
Máquina de lavar automática Panasonic NA-F120B1T titânio 12kg 127 V,1869
Smart Tv 50'' Crystal Uhd 4k 50cu8000 2023 Preta Samsung,2349
All In One LG Celeron 22 Pol Fhd Ssd 128gb 8gb Win 11 Home,1699
Módulo Amplificador Taramps Hd3000 3000w Rms 1 Canal 2 Ohms,529
Samsung Galaxy A23 5G Dual SIM 128 GB awesome 4 GB RAM black,1169
Parafusadeira Furadeira A Bateria 12v Wap Bpf12k2 Kit Maleta,168
Micro-ondas MI41S 31 Litros Prata 31L Electrolux 127V,779
Smart Tv LG 43 4k Uhd Hdr Led Wi-fi Bluetooth Google Alexa,1749
Galaxy Watch4 Bt 40mm Cor da caixa Black Cor da pulseira Black Cor do bisel Preto,779
Máquina de lavar automática Electrolux LAC12 branca 12kg 127 V,1799
Impressora Multifuncional Epson Tanque De Tinta L3250 Wifi Cor Preto 100V/240V,999
Samsung Galaxy A14 128gb 4gb Ram Prata Cor Prateado,929
"Furadeira martelete parafusadeira sem fio de 13mm Stanley SCD711C2K 20V + 2 baterías de 1.5Ah com maleta de transporte
",669
Suplemento Em Pó Dark Lab Creatine Premium Creatina Em Refil De 500g,106
Fritadeira Sem Óleo Air Fryer Afn-40-bft 4l 1500w Mondial Cor Preto 220V,356
Micro-ondas Consul 32 Litros com Função Tira Odor CMS46AR Cinza com Frente Espelhada 110V,699
Samsung Galaxy M54 5G Dual SIM 256 GB prata 8 GB RAM,1781
Samsung Galaxy M54 5G Dual SIM 256 GB prata 8 GB RAM,1781
Martelete Combinado Sds Hr2470 800w Makita + Kit Ferramentas,899
Caixa De Som Boombox 3 Bluetooth Preta Jbl Bivolt Cor Preto 110V/220V,2399
Monitor 24b1xhm Adaptive-sync 24'' 75hz Preto Aoc Bivolt 110V/220V,549
Filtro Purificador De Água Gelada Electrolux Grafite Bivolt,699
Micro-ondas MEO44 branco 34L Electrolux 127V,679
Samsung Galaxy A14 4G (Exynos) Dual SIM 128 GB preto 4 GB RAM,929
Smart Tv 43pfg6918/78 Full Hd 43'' Google Tv Philips Bivolt,1487
Aspirador De Pó Vertical 3 Em 1 High Speed Plus 1350w Wap Cor Vermelho e cinza 110V,178
"Notebook Multilaser Ultra UB235, Intel Celeron N4020, 4GB, 120GB SSD, Tela 14.1"", Windows 11 Home, Intel UHD Graphics 600 1366x768px",949
Caixa De Som Portátil Bluetooth Go Essential Preta Preto Jbl Bivolt,179
Cadeira de escritório TGT Heron TC TGT-HRTC gamer ergonômica  preto e cinza com estofado de couro sintético,370
 Moto G84 5G Dual SIM 256 GB cinza-escuro 8 GB RAM,1689
Micro-ondas Consul CMA20BB branco 20L 127V,529
Jogo De Lençol Queen 3 Peças 400 Fios C/ Elástico Hotel,49
Tv Smart LG Led 43 4k Al Thinq 43ur781c Wi-fi Bluetooth Alexa 100v/240v,1789
Pneu Goodyear Direction Touring 2 P 175/70R13 82 T,338
Fragmentadora De Papel 10 Folhas 21 Litros 110v Cd216p,430
Samsung Galaxy A04s 64gb 4gb Ram Preto,709
Fritadeira Oven Fryer Sem Óleo Forno 3 Em 1 Ofrt780 12 Litros Oster 127v,736
Lavadora de alta pressão Wap Ousada Black 2200 preta e amarela de 1500W com 1750psi de pressão máxima 220V,478
Suplemento em pó Max Titanium Creatina Monohidratada Sem Sabor em pote de 300g,78
Purificador De Água Pure 4x Pe12g Cinza Electrolux Bivolt,629
"Notebook Samsung Book Intel Core I5 Windows11 8gb, 512gb Ssd",2749
Fritadeira Air Fry Oven Bfr2100p 12 Litros 1800w Britânia Cor Preto 220V,699
"Impressora De Etiquetas Elgin L42 Pro, Usb/ethernet, 203dpi Cor Preto 110v/220v",1130
Geladeira frost free Electrolux TF39 inox com freezer 310L 127V,2849
Fast Smart Tv Britânia Btv40e3aagssgblf 40 Led Dolby Áudio,1229
"Mesa Dobrável Vira Maleta Com Alça 1,80 Cor Branco",364
Samsung Galaxy M14 5G 5G Dual SIM 128 GB blue 4 GB RAM,899
Micro-ondas MEO44 Branco 34 Litros Electrolux 220V,679
Sabão Liquido Omo Pro Lavanderia Profissional 7 L,72
"Smart TV Samsung BET-B HD 32"" Bivolt",1099
Samsung Galaxy Tab S6 Lite 128gb 4gb Ram Cinza,1899
Apple iPhone 13 (128 GB) - Estelar - Distribuidor autorizado,4249
"Liquidificador Turbo Power L-99 Fb 2,2l 550w Preto Mondial 110V",117
Azeite de Oliva Extra Virgem Terras de Camões Vidro 500ml,25
Parafusadeira Furadeira 12v 3/8 Litio Biv C/ Maleta Frequência 60 Voltagem 110v/220v,158
Notebook Acer Nitro 5 An515-58w3 I5 8gb 512gb Rtx3050 15.6,4279
Smart Tv Led 32'' Com Roku R6500 Dual Band Semp Bivolt,1129
 Moto G53 5G (50 Mpx/2 Mpx) Dual SIM 128 GB rosê 4 GB RAM,1027
Impressora a cor multifuncional Epson EcoTank L3250 com wifi preta 220V,999
Monitor Gamer Lf24t350 Led 24'' Azul-escuro Acinzentado Samsung 100v/240v,589
Aspirador de Pó e Água com Bocal de Sopro e Filtro Lavável Wap Gtw Inox 20 60Hz 1600W 127V,438
Samsung Galaxy M14 5G 5G Dual SIM 128 GB silver 4 GB RAM,899
"Notebook Lenovo Ideapad 1i Intel Celeron N4020, 4gb Ram, 128gb Ssd, Tela De 15.6, W11, Com 1 Ano Microsoft Office 365 Personal, 82vx0001br",1499
Ar Condicionado Split Samsung Wfree S/vento Frio 12.000 220v Cor Branco,2499
Mouse Sem Fio Mx Master 3s Cinza Escuro Logitech Cor Cinza-escuro,590
Ar Condicionado Split Samsung Wfree S/vento Frio 12.000 220v Cor Branco,2499
Mouse Sem Fio Mx Master 3s Cinza Escuro Logitech Cor Cinza-escuro,590
Kit Com 10 Cuecas Boxer Algodão Sem Costura Zorba 781,154
 Moto G73 5G Dual SIM 128 GB azul 8 GB RAM,1169
Super Mario Bros Wonder Switch Midia Fisica,349
Webcam C920s Pro Full Hd Com Microfone Embutido Logitech,382
Papel Hig Folha Dupla Neutro Personal Vip Leve 16 Pague 15,30
Módulo Taramps Ts400 Digital Amplif 400w Rms 4 Canais 2 Ohms,173
Aspirador De Pó Turbo Cycle Ap-34 800w Branco e Lilás Mondial  110V,128
Samsung Galaxy A04s Dual SIM 64 GB black 4 GB RAM,709
"Ventilador de teto Ventisol Fênix branco com 3 pás de  plástico, 96 cm de diâmetro 127 V",204
Fritadeira Air Fryer Air Flow Bfr21p 4 Litros Britânia 110v Cor Preto,299
"Smart TV Samsung LH50BEAHVGGXZD LED Tizen 4K 50"" 110V/220V",2299
Samsung Galaxy Tab S6 Lite 64gb 4gb Ram Android Cor Cinza,1699
Cafeteira Nescafé Dolce Gusto Genio S Basic Dgs1 Branca Cor Branco 110V,399
Samsung Galaxy M54 5G Dual SIM 256 GB azul 8 GB RAM,1781
Creatina Monohidratada 250g - 100% Pura Importada,62
Notebook Acer A315-24p-r611 R5 8gb 256gb Ssd 15.6'' Windows 11 Home 64bits Prateado,2469
Fone de ouvido on-ear sem fio JBL Tune 520BT preto,239
Nintendo Switch OLED 64GB Standard cor  branco e preto,2139
Impressora Térmica Epson Tm-t20x Usb Para Nfce Bivolt Cor Preto,525
Samsung Galaxy S21 Fe 5g 6.4'' 128gb 6gb Preto,1893
Vaso Sanitário Monobloco Completo - Caixa Acoplada Privada,529
Monitor Gamer Hero Full Hd 27'' G-sync 144hz Ips 1ms Aoc Cor Preto/Vermelho 110V/220V,1176
Cerveja Lager Puro Malte Heineken 269ml Com 8 Unidades,25
Kit 5 Camisetas Básicas Masculina Dry Fit Lisa Tradicional ,68
"Smartphone Moto G14 Dual SIM 6,5"" 128gb 4gb RAM Grafite Motorola",879
"Notebook Dell Inspiron I15-i1100-a58pf I5 16gb 512gb 15,6'' W11 Home Preto",3699
Lavadora de alta pressão Wap Profissional Semi Intensivo Combate Turbo 2600 amarela e preta de 1700W com 2100psi de pressão máxima 127V,1063
"Smart TV Philco Smart Tv Series PTV42G52RCF LED Roku OS Full HD 42"" 110V/220V",1399
Micro-ondas Panasonic 21l 700w Branco Espelhado Nn-st27lwru 127V,572
Kit 5 Manta Asfaltica Auto Adesiva Aluminizada - 90cm X 10m,732
Realme C55 Dual Sim 256 Gb Sunshower 8 Gb Ram,1079
Máquina de lavar semi-automática Colormaq LCS - 12kg branca 127 V,449
Notebook Lenovo Ideapad 1 R5 8gb 256gb 15.6  82x5s00100,2149
Smart Tv 50'' Qled 4k 50q60c 2023,2610
Roda Toyota Hilux Sw4 Gr-s Aro 18 Original ,2519
Chapinha de cabelo Lizze Profissional Extreme cinza 220V,419
"Smartphone Samsung Galaxy A03 Core Tl 6,5 32gb 2gb Ram Preto",529
Purificador De Água Branco Midea Bivolt,339
Geladeira RE31 Cycle Defrost 240L branca Electrolux 127V,1899
"Monitor gamer LG 24MP400 LCD 23.8"" preto 100V/240V",585
Suplemento Em Pó Dark Lab Creatine Premium Creatina Em Pote De 300g,91
Mesa Dobravel Portatil Vira Maleta Camping Praia 90x60 Cor Branco,133
Smartphone Moto G53 5g 128gb Grafite,1058
Pneu Itaro IT203 P 185/60R15 84 H,239
"Smart TV LG AI ThinQ 43LM631C0SB LED webOS Full HD 43"" 100V/240V",1679
Fralda Descartável Pants Ajuste Total Com 78 unidades Tamanho XXG Pampers,114
Kit Whey Protein 2kg + Bcaa + Creatina + Shaker,90
Fralda Descartável Pants Ajuste Total Com 78 unidades Tamanho XXG Pampers,114
Smartphone Moto E13 64gb 4gb Ram Verde Motorola,599
Impressora a cor multifuncional Canon Pixma G3110 com wifi preta 110V/220V G3110,775
Console Playstation 4 E Jogo God Of War Ragnarok Sony Cor Preto,2399
Fritadeira Air Fry Ffr27p Fama 110v,239
Fralda Confort Sec G Com 70 Unidades Pampers Gênero Sem gênero Tamanho Grande (G),86
iPhone 13 De 128 GB Cor Meia Noite Apple - Distribuidor autorizado,4249
"Ventilador de teto Tron Solano cobre com 3 pás de  mdf, 1100 mm de diâmetro 127 V",532
100 Caixas De Papelão Mercado Envios P 300x253x149,326
Smartwatch Galaxy Watch6 Bt 40mm Grafite Samsung Desenho da pulseira Liso,1499
Aperitivo Campari Bitter Garrafa 900ml,39
Smart Tv 50'' 4k Led Roku Ptv50g70r2cbbl Philco Bivolt,1879
"Smartphone Samsung Galaxy M34 5g, 128gb, 6gb, Tela 6.5 Cor Azul",1259
Carrinho Elétrico Para Criança Deluxe Rover Multikids,999
Kit 3 Calça Jeans Skinny Masculina Com Lycra Estica Muito Nf,167
Micro-ondas Panasonic  St25l 21l 700w Branco Nn-st25lwru 127V,549
Azulejos Decorativos Lisboa Garden Kit 9 Peças 15x15cm.,69
Smart Tv Led 43'' Full Hd Roku Tv Wifi R6500 Semp,1599
"Moto E13 64gb, 4gb Ram, Octa-core| Tela De 6.5  Hd+ Cam 13mp Cor Off white",599
Transformador 5000va V&m Bivolt 110 220 E 220 110 12000 Btus,206
Lavadora de alta pressão Wap Ousada Black 2200 preta e amarela de 1500W com 1750psi de pressão máxima 127V,478
Crossover Processador Audio Digital Equaliza Stx2448 Stetsom,259
Refis Para Aparelho De Barbear Mach3 16 Unidades Gillette,95
200 Caixas De Papelão Mercado Envios Pp 190x163x70,274
Samsung Galaxy A04s Dual SIM 64 GB white 4 GB RAM,709
Combo Duplo Whey Fusion + 2x Bcaa + 2x Creatina + Shaker,139
Conjunto Panelas 17 Pc Antiaderente Brinde Panela Pressão,374
Samsung Smart Tv Qled 4k 55q65c 2023 Tela Sem Limites 55 ,3094
Bicicleta Aro 29 Alfameq Half Freio A Disco Bike 24v,875
Kit 10 Cuecas Lupo Boxer Masculinas Atacado Box 523 Algodão,169
Samsung Galaxy A24 128 GB preto 4 GB RAM,1069
Fone De Ouvido Bluetooth 5.0 Par Sem Fio Duplo,60
Micro-ondas MI41S Prata Espelhado 31L Função Tira Odor Electrolux 220V,779
Arame Farpado Para Cerca Nelore 500m Morlan,359
Samsung Smart Tv 58'' Uhd 4k 58cu7700 2023,2746
Máquina de lavar automática Electrolux Essential Care LES11 branca 11kg 127 V,1699
 Moto G53 5G (50 Mpx/2 Mpx) Dual SIM 128 GB prata 4 GB RAM,1027
Creatina 300g - Integralmedica Sabor Neutro,74
Tv Smart Philco 43  Ptv43g7er2cpblf Led Roku Wifi Dolby Áudio 110v/220v,1427
Máquina De Lavar 15kg Ciclo Edredom Cwh15ab Branca Consul Cor Branco 110V,2159
Samsung Galaxy M14 5G 5G Dual SIM 128 GB dark blue 4 GB RAM,899
Controle joystick sem fio Sony PlayStation DualSense CFI-ZCT1W white e black,405
Aparelho Medidor De Pressão Arterial Digital De Pulso G-tech Gp400 Branco,69
Geladeira auto defrost CRB39A 342L inox Consul 127V,2399
Transformador 7000va V&m Tomada Tripolar Bivolt De 110 para 220 e de 220 para 110,275
Samsung Galaxy A24 Dual SIM 128 GB prata 4 GB RAM,1069
Bicicleta ergométrica dobrável WCT Fitness 10100017 vertical cor preto,1379
Samsung Galaxy A24 Dual SIM 128 GB prata 4 GB RAM,1069
Bicicleta ergométrica dobrável WCT Fitness 10100017 vertical cor preto,1379
Notebook Samsung Galaxy Book Go Snapdragon® 7c 4gb Ssd 128gb 14  Full Hd Led,1499
Cabo Rca 5 Metros Dupla Blindagem Cobre 5m Blindado 5mm,46
Playstation 5 825gb Disco + Bundle Ea Sports Fc 24 Midia Física Cor Branco E Preto Sony Bivolt,4488
Kit 10 Cuecas Boxer Selene Box Microfibra Masculina Atacado,166
Samsung Galaxy A04e 64gb 3gb Ram Octa-core Tela 6.5'' Cor Cobre,625
Tv Smart Philco Led 32  Android Tv  Ptv32m8gagcmblh,969
Notebook Vaio Fe15 8gb Ram 512gb Ssd Core I5 W11 Grafite,2688
Filtro De Linha Iclamper Energia 5 Tomadas Régua de Proteção Surtos Elétricos E Raios Dps,59
Suplemento em pó Integralmédica  Nutri Whey Protein proteínas Nutri Whey Protein sabor  chocolate em sachê de 907g,44
Panela De Pressão Elétrica Pcc20 6l Inox Experience por Rita Lobo Preta Electrolux 127V,576
Smart Tv Led 32'' S5400af Fhd Android Tv Tcl Bivolt,1199
Cerveja Skol Pilsen lata 350ml 12 u,34
"Monitor gamer LG UltraWide 29WK600 led 29"" branco e preto 100V/240V",1185
Kit 2 Travesseiros Select Fibras Luxo Fibra Antialérgica Cor Branco,74
Cafeteira Nescafé Dolce Gusto Arno Mini Me automática preta para cápsulas monodose 127V,399
Samsung Galaxy S21 Fe 5g 128 Gb 6gb Ram Branco Cor White,1899
Kit Com 5 Camisetas Masculinas Básicas Hering,119
Air Fryer Mondial Fritadeira Elétrica Sem Óleo 5litros 1900w,426
Samsung Galaxy Watch5 Bt 44mm Cinza Escuro Cor da caixa Cinza-escuro Cor da pulseira Cinza-escuro Cor do bisel Cinza-escuro,1233
Bicicleta Ergométrica Para Spinning Mecanica 8kg Odin Fit Cor Preto/Vermelho,1459
Máquina Solda Mig 150a Sem Gás 3 Em 1 Tig Lift Eletrodo 220v Cor Laranja Frequência 50 Hz/60 Hz,893
Samsung Galaxy M54 5G Dual SIM 128 GB azul 8 GB RAM,1619
Kit 6 Pares Meias Lupo Soquete Cano Baixo Academia Original,58
Liquidificador Turbo 1200w 3l Inox L-1200 Preto 110v Mondial,165
Notebook Acer Aspire 3 A314-35-c1w1 Celeron 4gb 128gb Sdd,1549
Alto-falante Mondial Connect Power Plus CM-550 com bluetooth 127V/220V ,565
Bicicleta Ergométrica Spinning Exercit Es-08 Preta ,1478
Lavadora de alta pressão Tramontina Residencial Master 42546 amarela e preta de 1200W com 100bar de pressão máxima 127V - 50Hz/60Hz,387
Panela De Pressão Elétrica Electrolux 6l Branca Experience P,499
Cabo + Fonte Compatível iPhone SE X Xr 11 12 13pro 14 Usb-c,80
Forno Elétrico Bfe50b Branco Britânia 220v,419
Azeite Espanhol Extra Virgem Borges 500ml,26
Samsung Galaxy A14 (Exynos) 5G Dual SIM 128 GB Prata 4 GB RAM,999
Fone Ouvido Bluetooth Compativel Com Samsung Xaiomi iPhone,78
Vitafor Creatine 300g,93
Carabina Espingarda De Pressão Cbc New Jade 5.5+kit Completo,814
Smart Tv 43'' Samsung T5300 Full Hd Tizen Hdmi Usb,2042
Barbeador e cortador de cabelo Mondial Super Grooming BG-03  preto e azul 110V/220V,119
Motorola Moto G23 Dual SIM 128 GB azul 4 GB RAM,873
Furadeira parafusadeira sem fio de 13mm DeWalt DCD7781D2-B2 20V + 2 baterías de 2Ah + accesorios com maleta de transporte 110V/220V,1099
Suplemento em pó Black Skull Creatine Turbo creatina em pote de 300g,35
Pneu Hifly Vigorous AT601 265/70R16 112 T,794
Samsung Galaxy A34 5G Dual SIM 128 GB Verde Lima 6 GB RAM,1549
Smart Tv Android 43'' Full Hd 43pfg6917/78 Philips Bivolt,1905
Aspirador De Pó Robô 3 Em 1 Robot W100 Preto Wap Bivolt 110V/220V,479
Creatina Nutrify 300g  Creatine 100% Monohidratada Creapure Sabor Neutro,167
Aspirador De Pó Robô 3 Em 1 Robot W100 Preto Wap Bivolt 110V/220V,479
Creatina Nutrify 300g  Creatine 100% Monohidratada Creapure Sabor Neutro,167
"Notebook Samsung Book Intel Core I3 256gb Ssd 4gb Ram 15,6'' Windows 11 Home",1969
Aspirador De Pó E Água 1400w 12 Litros Gtw Inox 12 Wap Cor Prateado 220V,395
Samsung Galaxy A04e Dual SIM 64 GB light blue 3 GB RAM,625
Smart Tv 65'' Uhd 4k 65cu7700 Preto Bivolt Samsung,3731
Balança Digital Corporal Bioimpedancia Aplicativo Bluetooth,143
Monitor Lcd Full Hd Antirreflexo 21.5  Lenovo Thinkvisio Cor Preto 100V/240V,459
Suplemento em pó Black Skull  Creatine Turbo creatina Creatine Turbo sabor  uva em pote de 300g,35
Cooktop De Indução Smart Chef Pct01 Philco 110v Cor Preto,269
Smart Tv Dled 43 Full Hd Multi Android 3hdmi 2usb - Tl046,1299
Aspirador De Pó Vertical Turbo Cycle Mondial 110v 800w Azul,147
Kit 4 Refletor Led 100w Holofote Bivolt Prova Dagua Frio,101
Whey Protein Isolado Iso Blend Complex 2kg - Pretorian Sabor Cookies E Cream,97
 Moto G23 128 GB grafite 4 GB RAM,949
Ventilador De Coluna Turbo Vtx-40c-8p-cr Preto Mondial 110v,328
Chaleira elétrica Mondial CE-06 Pratic Inox inox y preta 127V 2L,109
Tv Led 39'' Ptv39n87d Philco Bivolt,999
Pilha Alcalina Aa Pequena Duracell Com 16 Unidades,66
Amplificador Taramps Ds800X4 800w 2 ohms Ds 800x4 Módulo Som,389
"Samsung Galaxy A34 5G Tela de 6,6'' 128GB Preto 6GB Ram",1549
Lavadora de alta pressão Philco PLA3100 azul de 1800W com 2100psi de pressão máxima 127V,498
Carabina De Pressão Rossi Dione 4g 5.5mm Gás Ram Nitro ,925
Fogão cooktop gás Itatiaia NG 5 bocas preto 127V/220V,431
"Smart TV LG AI ThinQ 43LM6370PSB LED webOS Full HD 43"" 100V/240V",1669
Samsung Galaxy A14 4G (MediaTek) Dual SIM 128 GB black 4 GB RAM,939
Lavadora De Alta Pressão 1500w 1750psi Wap Ousada Plus 2200 110V,448
Máquina de lavar semi-automática Colormaq LCS - 14kg branca 127 V,519
Notebook Acer A315-24p-r3tv Ryzen 3 4gb 256gb Ssd W11 15.6 Cor Prata,1959
Purificador De Água E-due Equilibrium Branco Ibbl Bivolt,349
"Smart TV Samsung UN60AU7700GXZD LED Tizen 4K 60"" 100V/240V",2890
"Smartphone Samsung Galaxy M34 5g, 128gb, 6gb, Tela 6.5 Cor Prata",1259
"Liquidificador Easy Power L550b 1,5l Preto Mondial 110v",90
Máquina de solda inverter Boxer Touch 150 BV branca e azul 110V/220V,573
Lenços Umedecidos Huggies Max Clean Lv 4 Pg 3 - 192 Unidades,34
Cafeteira Nescafé Dolce Gusto Genio S Plus Dgs2 Preta Cor Preto 110V,459
Samsung Galaxy A54 5g 256gb 8gb Ram Preto,2165
Suplemento em pó Espartanos  Espartanos Creatine creatina Creatine em pote de 1000g,189
Aspirador de Pó e Água e Soprador Limpa Carpetes e Pisos WAP GTW Inox 12 1400W 127V,395
Câmera de segurança Intelbras iM3 com resolução de 2MP visão nocturna incluída branca,230
Kit Roteador Wireless Deco M4 Ac1200 Tp-link 02 Unidades,549
Pacote De Fraldas Confort Sec Xg Com 62 Unidades Pampers,84
 Motorola Moto E22 Dual SIM 128 GB azul 4 GB RAM,1199
Micro-ondas Electrolux MB37R   branco 27L 127V,619
Fone De Ouvido Com Bluetooth Tune 520bt Jblt520btwht Branco Jbl,223
Samsung Galaxy M54 5G Dual SIM 128 GB prata 8 GB RAM,1619
Motorola Moto G54 5G Dual SIM 128 GB cinza-escuro 4 GB RAM,1269
 Moto G73 5G Dual SIM 128 GB branco 8 GB RAM,1169
Motorola Moto G54 5G Dual SIM 128 GB cinza-escuro 4 GB RAM,1269
 Moto G73 5G Dual SIM 128 GB branco 8 GB RAM,1169
Samsung Galaxy A24 128 GB Prata 4 GB RAM,1099
Smartphone Infinix Hot 30i 6.6 Hd+ 90hz 128gb 8gb Ram  50mp Preto,999
Camiseta Básica Masculina Flamê Com Decote V Hering,34
Smart Tv Britânia 40'' Btv40g7pr2csblf Led Dolby Audio Hdmi ,1239
Monitor Led Hd 19.5'' Hdmi Vga 20mk400h-b Preto LG 110V/220V,420
Impressora função única HP Laser 107w com wifi cinza e preta 110V - 127V 4ZB78A,999
60 Cabides Pretos Antideslizante Reforçado Atacado,57
Impressora a cor multifuncional Epson EcoTank L4260 com wifi preta 220V - 240V,1459
Fogão cooktop gás Philco Branca PCT04I prateado 127V/220V,419
Kit Com 5 Camisetas Masculinas Básicas Hering ,119
Máquina de lavar semi-automática Mueller Big - 20kg branca 127 V,569
Papete Feminina Plataforma Strass Brilho Moda Luxo Verão 187,86
Notebook Acer Asp3 A315-510p-34xc I3 8gb 256gb Ssd 15.6 W11,2329
"Nintendo Switch 32GB Mario Kart 8 Deluxe cor  vermelho-néon, azul-néon e preto",2139
Kit Com 3 Camisetas Masculinas Básicas Hering ,69
Geladeira Consul CRD37 branca com freezer 334L 127V,2279
Ar-condicionado Hw LG Dual Inverter Voice 12000 Btu R32 Frio 220v,2499
Notebook Ultrafino Ideapad 3 R7 12gb 512gb Linux 82mfs00600 Cor Cinza,2698
Camisas Segunda Pele Proteção Solar Uv Termicas Corrida Bike,34
"Cesta De Natal Bauducco P - 15 Itens - 1,957kg",99
Micro-ondas Philco Branco PMO23BB 20L 127V,589
Impressora função única HP LaserJet 107a branca e preta 110V - 127V,799
Moto E13 32 Gb Cor Verde,598
Motorola Edge 30 Ultra 256 GB white 12 GB RAM,3494
Roçadeira Gasolina 52cc Tbc52x Toyama Kit Faca Fio De Nylon,862
Smart Tv Led 65 Ultra Hd 4k LG 65ur871c0sa Thinq Ai 3 Hdmi 2 Usb Wi-fi Bluetooth Hdr10,3339
Motorola Moto G54 5G Dual SIM 256 GB azul 8 GB RAM,1599
Whey Protein Isolado Iso Blend Complex 2kg - Pretorian Sabor Chocolate,97
Notebook Vaio Fe15 Ryzen7 16gb 512gb Ssd Linux Prata Titânio,2999
Caneta Pencil Wb Compatível C/ iPad Com Palm Rejection 1.0mm,199
Câmbio Driving Force Shifter Preto Logitech,349
"Notebook Asus Vivobook 15 Core I3 8gb 256ssd W11 15,6 Prata Cor Prateado",2099
"Panela De Pressão Tramontina Vancouver 4,5 Litros Alumínio Cor Vermelho",206
Secador de cabelo Mondial Max Travel SC-10 vermelho e preto 110V/220V,61
Headset Gamer Para Consoles E Pc Driver 40mm Quantum 100 Jbl Cor Preto Cor da luz n/a,149
Sérum Antirrugas Revitalift Retinol Noite 30ml L'oréal Paris Tipo de pele Todo tipo de pele,120
Micro-ondas Philco Branco PMO23BB PMO23BB   branco 20L 220V,589
Monitor Gamer Hero 24'' 24g2 Fhd Ips 144hz 1ms Aoc 100v/240v,998
Notebook Gamer Acer Nitro 5 An515-45-r1fq Amd Ryzen 7 Windows 11 Home 8gb 512gb Ssd Gtx 1650 15.6 Polegadas,4099
Samsung Galaxy A04s  64gb 4gb Ram Branco,715
"Notebook Multilaser Ultra UB240 preta 14.1"", Intel Celeron N4020  4GB de RAM 128GB SSD, Intel UHD Graphics 600 1366x768px Windows 11 Home",999
Impressora De Código De Barras Zebra Zd220 Nova Gc420t,1159
Fogão Cooktop Fischer 1Q Indução 26884 - 59097 preto 220V,399
Vinho Cartuxa Ea Tinto 750 Ml,52
Whisky Escocês 12 Anos 1 Litro Chivas Regal,119
Notebook Asus Vivobook M1502ia-ej251 R5 8gb 256ssd Linux Cor Icelight silver,2349
Notebook Asus Vivobook M1502ia-ej251 R5 8gb 256ssd Linux Cor Icelight silver,2349
Tenis Masculino Casual Moderno Atacado Super Blek Flayd,77
Ventilador Mesa Arno Ultra Silence Force Repelente 40cm Vd55 Cor da estrutura Preto 220V,199
"Monitor AOC Serie 70 E2270SWHEN led 21.5"" preto 100V/240V",439
Capacete Helt Hippo Glass Robocop Com Óculos,572
Cadeira Secretária Giratória De Escritório Ergonômica Mesh Cor Preto,293
 Moto G23 Dual SIM 128 GB branco 4 GB RAM,937
Tablet M7 Nb360 3g Wi-fi 1gb 32gb Preto Multilaser,299
"Tablet  Samsung Galaxy Tab A A7 Lite SM-T225 8.7"" 32GB cinza e 3GB de memória RAM",919
"Monitor Acer V6 V206HQL Abi LCD 19.5"" preto 100V/240V",419
Cartão De Memória Sandisk Ultra 100mb/s 64gb P/câmeras Wi-fi,47
"Notebook Acer A315-59-51yg I5 8gb 256gb Ssd 15,6'' W11h Cor Prateado",2649
Cafeteira Nescafé Dolce Gusto Genio S Plus Dgs3 Vermelha Cor Vermelho 220V,459
Placa De Vídeo Geforce Rtx 2060 Super 8gb 256bits Gddr6,1499
Smartphone Motorola Edge 40 Neo 5g 256gb 8gb - Black Beauty,2429
Bebê Reborn Baby Boneca Cabelos Castanhos + Enxoval Completo,171
Notebook Nitro 5 An517-54-79wa I7 512gbssd Gtx1650 17.3  Fhd,3999
Fritadeira Elétrica Air Fry Britânia Oven Bfr2100p 127v,699
Parafusadeira Furadeira Impacto 2 Baterias 21v Maleta Kit,279
"Notebook Positivo Motion C4500Ei cinza 14.1"", Intel Celeron N3350  4GB de RAM 500GB HDD, Intel HD Graphics 500 1366x768px Linux Debian 10",979
Fogão cooktop gás Fischer Platinium 19784-23299 preto 127V/220V,1599
Combo Whey Protein Turbo + Bcaa + Creatina - Black Skull,109
Processador Amd Ryzen 7 5700x Am4 4.6ghz 100-100000926wof,1338
"Smart TV Samsung BET-M Full HD 43"" 110V/220V",1788
Forno de bancada elétrico Nardelli Top 60 60L preto 127V,599
Micro-ondas Philco PMO28   prata 28L 127V,689
Vinho Casillero Del Diablo 2019 Adega Concha Y Toro 750 Ml,39
Monitor Tela 24 Full Hd Ips Samsung Com Ajuste De Altura e Inclinação,869
Tablet Infantil Galinha Pintadinha 32gb + 2gb Android 13,369
Fogão cooktop gás Fischer Fit Line 26343-57174 preto 127V/220V,649
"Monitor gamer LG 24ML600M led 23.8"" preto 100V/240V",638
Fralda G Tripla Proteção 36 Unidades Huggies Gênero Sem gênero Tamanho Grande (G),28
Impressora Multifuncional Epson Ecotank L4260 Wi-fi Duplex Cor Preto 100V/240V,1459
Fogão cooktop gás Fischer 23678-54121 aço inoxidável 127V/220V,1099
Motorola Edge Edge 40 Neo 5G Dual SIM 256 GB verde 8 GB RAM,2429
Aspirador De Pó E Líquido 1.400 Watts Gtw Compact Wap,239
Manta Asfáltica Auto Adesiva Aluminizada 90cm X 10m,170
Camisa Térmica Voker Academia Proteção Solar Uv Dry Fit,34
Controle joystick sem fio Microsoft Xbox Wireless Controller Series X|S robot white,369
Whey Protein Isolado Iso Blend Complex 2kg - Pretorian Sabor Baunilha,97
Licor creme de morango com tequila Ballena 750ml,122
Tablet Infantil Mickey 7 Wi-fi 32gb Nb367 Multilaser Cor Preto,379
"Smart TV Philco Ptv32m8gagcmblh LED Android TV HD 32"" 110V/220V",969
Furadeira Industrial Impacto Rev 450w Gsb 450 Re Bosch + Kit 110v,329
Fraldas Descartáveis Premium Care Tamanho XXG Com 56 Unidades Pampers,99
 Motorola Moto G54 Dual SIM 256 GB verde 8 GB RAM,1499
Forno de bancada elétrico Layr Advanced Luxo inox 2.4 46L aço inoxidável 127V,1099
Micro-ondas LG MS3091B   branco 30L 127V,679
Forno de bancada elétrico Layr Advanced Luxo inox 2.4 46L aço inoxidável 127V,1099
Micro-ondas LG MS3091B   branco 30L 127V,679
Bicicleta Alum 29 Ksw Gta 27 Vel Freio Disco Hidrául E Trava,1311
Assento Massageador Neck & Back Shiatsu Seat Plus,1249
Crocs Literide Clog Navy,303
Alto Falante Sub Pioneer Tsw3060br 12,323
Notebook Hp 240 G8 Core I5 1135g7 8gb 256gb Ssd Win 11 Pro,2999
Fogão  de pé Atlas Mônaco Plus  4Q a gás/elétrico 4 queimadores  branco 127V/220V porta com visor 50L,587
Aspirador De Pó E Água Portátil 1400w Wap Gtw Compact 220v,239
Ventilador De Torre Arno Eole Infinite Neol Preto 110V,579
Cadeira infantil para carro Burigotto Spin Isofix 360 preto,1171
Samsung Galaxy A04s Dual SIM 64 GB green 4 GB RAM,729
Kit 6 Cuecas Boxer Lupo Masculina Box Microfibra Original,139
Cozinha Compacta Pequim 9 Portas Mp2933 Multimóveis Carvalho,464
Vinho Tinto Carmenere Vik A 750ml,109
Bicicleta Aro 29 Aço Carbono 21 Velocidades Freio A Disco Cor Preto/prata,699
Chocolate Baton Ao Leite Garoto Caixa 30x16g - Atacado,28
 Moto G53 5G (50 Mpx/8 Mpx) Dual SIM 128 GB rosê 4 GB RAM,989
Pencil Wb Para iPad Com Palm Rejection 1.0mm Rosa,199
Sapato Feminino Tenis Esportivo Ortopédico Esporão E Facite,94
Pneu Itaro IT203 175/75R14 86 T,249
Microfone Sem Fio Vokal Vlr502 Profissional Duplo C/ Bateria,1126
Ventilador De Mesa Super Powe Vsp-30-b 30cm 6 Pás Mondial Cor da estrutura Preto Cor das pás Preto 127V,142
"Notebook Multilaser Legacy Book PC250 preta 14.1"", Intel Celeron N3350  4GB de RAM 64GB SSD, Intel HD Graphics 500 1366x768px Windows 10 Home",899
Forno de bancada elétrico Layr Revolution Flexy 46L branco 127V,729
Desumidificador Blue Air 500 Ml Relaxmedic - Bivolt,324
Kit 3 Pares Meias Lupo Cano Longo Masculina Atacado Original,46
Kit 10 Cuecas Boxer Algodão Sem Costura Box Adulto + 6 Meias,163
Cartão Memória Sandisk Ultra 32gb 100mb/s Classe 10 Microsd ,38
Kit 10 Painel Plafon Led 18w Embutir Quadrado Luminária,129
Kit 5 Cuecas Boxer Com Elástico Personalizado Hering,89
Tênis Branco Lançamento Original Confortável,74
Fogão 4 Bocas A Gás Itatiaia Electra Glass Branco Bivolt,759
Fogão cooktop gás 2Q Mesa Vidro Fischer 7726  -11474 127V/220V,349
Tênis Fila Original V Track Masculino 3.0 Treino Running ,184
Carrinho estilo guarda chuva Voyage Park preto,419
"Notebook Positivo Motion C4120F existential gray 14"", Intel Celeron 4GB de RAM 120GB SSD, Intel Graphics 1366x768px Windows 11 Home",1299
Forno de bancada elétrico Nardelli Top 60 60L preto 220V,599
Kit 3 Pares Sapatos Sociais Masculino Evangélico + Brindes,173
"Motosserra Á Gasolina 58cc 3,3hp Sabre 16  Fak58ms Carbon",579
Micro-ondas Flat Pmo28tf 28 Litros 1400w Preto Philco 220V,729
Placa-mãe Gigabyte P/ Amd Am4 B450m Gaming 2xddr4 Matx,619
Regata Básica Feminina Em Malha Canelada Gola Alta Hering,34
Placa Mãe Gigabyte Para Intel 1700 B660m Gamingx 4xddr4 Matx,989
Notebook Acer Nitro 5 54uh Ci5 W11 8gb 512gb Rtx3050 15.6,4349
Vinho Chileno Casillero Del Diablo Cabernet Sauvignon ,39
Irrigador Oral Limpador Bucal Dental Jet Clean Relaxmedic,329
Controle Pro Nintendo Switch Preto - Nintendo,419
Controle Pro Nintendo Switch Preto - Nintendo,419
Manta Asfáltica Adesiva Vedatudo - 90cm X 10m,183
Motorola Moto G84 5G Dual SIM 256 GB azul-claro 8 GB RAM,1998
Aspirador Robô Multi Mars Varre Aspira E Passa Pano Bivolt - Ho400 Cor Vermelho,349
Pneu Itaro IT301 P 215/55R17 98 W,402
Carrinho de bebê 3 rodas Voyage Delta preto,547
Panettone com Frutas Cristalizadas e Uvas-Passas Bauducco Caixa 400g,20
Nebulizador sem fio de rede Multilaser Air Mask branco 110V/220V,112
"Monitor gamer LG UltraWide 29WL500 led 29"" preto 100V/240V",1086
Tênis Casual Olympikus Eros Masculino,167
Note Gamer Acer An515-57-57xq Ci5 8gb 512gb Ssd 15.6 Linux,3799
Samsung Galaxy A23 5G Dual SIM 128 GB awesome white 4 GB RAM,1234
Geladeira Crm56fk Painel Eletrônico 451 Litros Inox Consul Cor Cinza 110V,3899
"Notebook Asus Vivobook 15 Core I5 8gb 512ssd W11 15,6  Prata Cor Prateado",2608
"Cabo Chupeta Transmissão 800 Amp Carro, Caminhão, Bateria ",44
Carrinho Bebe Napoli Preto + Bebe Conforto Galzerano 1446pt Cor Preto,1024
Camiseta Térmica Proteção Solar Uv Academia Treino Caminhada,33
Samsung Galaxy S20 FE 5G Dual SIM 128 GB 6 GB RAM Cloud Navy,2099
"Roçadeira Gasolina Jardim Jardinagem Dt-43cc 1,7hp",500
Placa De Vídeo Geforce Gtx 1660 Super 6gb 192bits Gdrr6,1129
Furadeira Parafusadeira Bateria + Jogo Ferramentas 300 Peças,146
Monitor Gamer LG 26 Ultrawide Full Hd 75hz 1ms Hdmi Ips Cor Preto Bivolt,819
"Fritadeira sem Óleo AirFry Arno Moderna com 3,5l de capacidade e Cuba Antiaderente Preta PFRY",299
Tênis Para Academia Original - Esportivo,67
Pré Hormonal Testo Dilated - 120 Cápsulas,37
Kit 4 Refletor Led Holofote 200w Ip66 Bivolt Branco Frio,166
Volante Gamer G29 Driving Force Preto Logitech,1799
Macaco Hidraulico 2 Ton Jacare Sparta + Kit 40 Soquetes,195
Vinho Tinto Chileno 120 Reserva Carménère 750ml Santa Rita,36
Papel Sulfite Oficio A4 Resma Com 2 De 500 Folhas Multiuso,58
Azeite de Oliva Tipo Único Português Andorinha Clássicos Garrafa 2l,109
Geladeira frost free Consul CRM39A inox com freezer 340L 110V,2899
Samsung Galaxy A54 5G Dual SIM 128 GB preto 8 GB RAM,1999
Notebook Lenovo Thinkpad L14 G1 Amd Ryzen 3 Pro 4450u 8gb Ssd 256gb M.2 14'' Led Freedos - 20u6s4ks00,2199
Pneu Kumho Aro 17 Solus Kl21 225/65r17 102h,579
Console Sony Playstation 5 Standard Edition + Jogo Malvel's Spider Man 2 Ps5,4489
Kit Com 5 Camisetas Femininas Básicas Hering,109
Notebook Acer Gamer An515-57 Ci7_h 8gb Gtx1650 512ssd Linux,4099
Motorola Edge 30 Ultra Dual SIM 256 GB white 12 GB RAM,3845
Smart Tv Samsung Tizen 50'' Led Uhd Crystal 4k Hdr10+ Wi-fi Bluetooth - Lh50bechvggxzd 110v/220v,2399
Smart Tv 43 Britania Btv43g7pr2csblf Roku Tv Led Full Hd Dolby 110v/220v,1393
Parafusadeira/furadeira A Bateria Hammer Pli-11 Cor Preto,119
Console Playstation 5 Sony Standard 825gb Ssd,4499
Carregador Bateria 12v Cv20 Flutuante Carro 20ah Liquidacao,227
Azeite Italiano Montosco Extravirgem Com Trufa Branca 125ml,49
Kit X-line Bosch 15 Brocas Para Perfurar,47
Smart Tv 50'' Ptv50g7er2cpbl 4k Led Roku Philco Bivolt,1959
Almofada Travesseiro Pescoco Viagem Nasa Gel Relax Dr Coluna,69
